Department,Hourly Rate 
Seattle Police Department,$179.54
Seattle Police Department,$153.7
Employees Retirement System,$153.7
Seattle Police Department,$153.7
Seattle Police Department,$153.7
Seattle Police Department,$151.
Seattle Police Department,$150.43
Seattle Police Department,$150.43
Seattle Police Department,$150.43
Seattle Police Department,$150.43
Seattle Police Department,$150.43
Seattle Police Department,$150.43
Human Resources,$148.91
Employees Retirement System,$138.18
Human Resources,$135.52
Seattle Police Department,$131.41
Seattle Police Department,$131.41
Mayor's Office,$130.93
Seattle Police Department,$130.31
Seattle Police Department,$130.31
Information Technology,$130.3
Seattle Police Department,$130.3
Information Technology,$130.3
Seattle Police Department,$127.69
Seattle Police Department,$127.69
Seattle Police Department,$127.69
Seattle Police Department,$127.69
Seattle Police Department,$126.35
Human Resources,$125.99
Human Resources,$124.98
Seattle Police Department,$123.97
Seattle Police Department,$123.97
Seattle Police Department,$123.97
Seattle Police Department,$123.97
Seattle Police Department,$123.97
Seattle Police Department,$123.97
Seattle Police Department,$123.97
Seattle Police Department,$123.97
Seattle Police Department,$123.97
Seattle Police Department,$123.97
Information Technology,$122.52
Seattle Police Department,$121.59
Seattle Police Department,$121.34
Seattle Police Department,$121.34
Mayor's Office,$121.32
Mayor's Office,$121.32
Mayor's Office,$121.32
Mayor's Office,$119.14
Community Police Commission,$117.46
Seattle Police Department,$117.46
City Budget Office,$116.07
Information Technology,$114.99
Seattle Police Department,$114.47
Seattle Police Department,$114.47
Mayor's Office,$113.96
Hearing Examiner,$112.16
Law Department,$111.39
Seattle Police Department,$110.35
Information Technology,$110.35
Information Technology,$110.35
Seattle Police Department,$110.35
Seattle Police Department,$110.35
Seattle Police Department,$110.35
Civil Service Commissions,$110.35
Information Technology,$110.35
Employees Retirement System,$110.34
Law Department,$109.87
Law Department,$109.87
Law Department,$109.87
Employees Retirement System,$108.47
Seattle Police Department,$107.38
Seattle Police Department,$107.38
Seattle Police Department,$107.38
Seattle Police Department,$107.38
Seattle Police Department,$107.38
Seattle Police Department,$107.38
Seattle Police Department,$107.38
Seattle Police Department,$107.38
Seattle Police Department,$107.38
Seattle Police Department,$107.38
Seattle Police Department,$107.38
Seattle Police Department,$107.38
Seattle Police Department,$107.3
Law Department,$106.39
Law Department,$106.39
Law Department,$106.39
Law Department,$106.39
Law Department,$106.39
Law Department,$106.39
Law Department,$106.39
Information Technology,$106.39
Information Technology,$106.39
Information Technology,$106.39
Law Department,$106.27
Human Resources,$104.8
Mayor's Office,$104.64
Seattle Police Department,$104.25
Seattle Police Department,$104.25
Seattle Police Department,$104.25
Seattle Police Department,$104.25
Seattle Police Department,$104.25
Seattle Police Department,$104.25
Seattle Police Department,$104.25
Seattle Police Department,$104.25
Seattle Police Department,$104.25
Seattle Police Department,$104.25
Seattle Police Department,$104.25
Seattle Police Department,$104.25
Seattle Police Department,$104.25
Seattle Police Department,$104.25
Seattle Police Department,$104.25
Seattle Police Department,$104.25
Seattle Police Department,$104.25
Seattle Police Department,$104.25
Seattle Police Department,$104.25
Seattle Police Department,$104.25
Seattle Police Department,$104.25
Seattle Police Department,$104.25
Seattle Police Department,$104.25
Seattle Police Department,$104.25
Seattle Police Department,$104.25
Seattle Police Department,$104.25
Seattle Police Department,$104.25
Seattle Police Department,$104.25
Seattle Police Department,$104.25
Seattle Police Department,$104.25
Seattle Police Department,$104.25
Seattle Police Department,$104.25
Seattle Police Department,$104.2
Seattle Police Department,$103.25
Mayor's Office,$102.97
Mayor's Office,$102.97
Mayor's Office,$102.97
Human Resources,$102.12
Law Department,$101.88
Law Department,$101.88
Police Relief and Pension,$101.79
City Budget Office,$101.13
Mayor's Office,$101.
Seattle Police Department,$100.24
Seattle Police Department,$100.24
Seattle Police Department,$100.24
Seattle Police Department,$99.62
Seattle Police Department,$99.18
Seattle Police Department,$99.18
Mayor's Office,$98.18
Law Department,$98.03
Law Department,$97.36
Law Department,$97.14
Law Department,$97.14
Law Department,$96.69
Information Technology,$96.24
Mayor's Office,$95.79
Mayor's Office,$95.79
Mayor's Office,$95.79
Mayor's Office,$95.79
Law Department,$95.78
Law Department,$95.43
Emergency Management Office,$95.13
City Auditor's Office,$94.81
Human Resources,$94.62
City Budget Office,$94.58
Law Department,$94.21
Law Department,$93.59
Hearing Examiner,$93.58
Intergovernmental Relations,$93.43
Information Technology,$93.41
Information Technology,$93.4
Law Department,$92.96
Seattle Police Department,$92.84
Seattle Police Department,$92.84
City Auditor's Office,$92.84
Information Technology,$92.83
Law Department,$92.73
Law Department,$92.73
Law Department,$92.73
Law Department,$92.73
Law Department,$92.73
Law Department,$92.73
Seattle Police Department,$92.69
Seattle Police Department,$92.65
Seattle Police Department,$92.65
Information Technology,$92.52
Information Technology,$92.52
Information Technology,$92.52
Information Technology,$92.52
Information Technology,$92.52
Information Technology,$92.52
Information Technology,$92.52
Information Technology,$92.52
Information Technology,$92.52
Information Technology,$92.52
Information Technology,$92.52
Information Technology,$92.52
Seattle Police Department,$92.52
Information Technology,$92.51
Law Department,$92.49
Law Department,$92.49
Information Technology,$92.49
Information Technology,$92.35
City Budget Office,$92.26
Employees Retirement System,$92.11
Information Technology,$92.02
Information Technology,$92.01
Human Resources,$91.92
Information Technology,$91.89
Information Technology,$91.82
Information Technology,$91.82
Seattle Police Department,$91.82
Law Department,$91.61
Information Technology,$91.6
Information Technology,$91.59
Information Technology,$91.59
Information Technology,$91.52
Information Technology,$91.52
Information Technology,$91.52
Information Technology,$91.52
Law Department,$91.41
Law Department,$91.41
Information Technology,$91.39
Law Department,$91.2
Law Department,$91.2
Law Department,$91.2
Information Technology,$91.02
Information Technology,$91.02
Law Department,$90.99
Seattle Police Department,$90.95
Seattle Police Department,$90.95
Seattle Police Department,$90.95
Information Technology,$90.92
Law Department,$90.78
Mayor's Office,$90.65
Law Department,$90.58
Law Department,$90.57
City Budget Office,$90.45
Information Technology,$90.31
Law Department,$90.15
Community Police Commission,$90.13
Seattle Police Department,$90.1
Seattle Police Department,$90.1
Seattle Police Department,$90.1
Seattle Police Department,$90.1
Seattle Police Department,$90.1
Seattle Police Department,$90.1
Seattle Police Department,$90.1
Seattle Police Department,$90.1
Seattle Police Department,$90.1
Law Department,$89.95
Law Department,$89.95
Information Technology,$89.83
Information Technology,$89.82
Law Department,$89.81
City Budget Office,$89.67
City Budget Office,$89.67
Law Department,$89.3
Seattle Police Department,$89.25
Seattle Police Department,$89.25
Seattle Police Department,$89.25
Seattle Police Department,$89.25
Seattle Police Department,$89.25
Seattle Police Department,$89.25
Seattle Police Department,$89.25
Seattle Police Department,$89.25
Seattle Police Department,$89.25
Seattle Police Department,$89.25
Seattle Police Department,$89.25
Seattle Police Department,$89.25
Seattle Police Department,$89.25
Law Department,$89.18
Law Department,$89.18
Law Department,$89.18
Law Department,$89.18
Information Technology,$89.14
Information Technology,$89.14
Information Technology,$89.14
Information Technology,$89.04
Information Technology,$88.91
Seattle Police Department,$88.84
Seattle Police Department,$88.84
Information Technology,$88.7
Information Technology,$88.7
Information Technology,$88.7
Information Technology,$88.7
Mayor's Office,$88.62
Mayor's Office,$88.62
Law Department,$88.57
Law Department,$88.53
Information Technology,$88.51
Information Technology,$88.5
Information Technology,$88.5
Information Technology,$88.5
Information Technology,$88.5
Information Technology,$88.4
Information Technology,$88.4
Information Technology,$88.4
Information Technology,$88.4
Seattle Police Department,$88.4
Seattle Police Department,$88.4
Seattle Police Department,$88.4
Seattle Police Department,$88.4
Seattle Police Department,$88.4
Seattle Police Department,$88.4
Seattle Police Department,$88.4
Seattle Police Department,$88.4
Seattle Police Department,$88.4
Seattle Police Department,$88.4
Seattle Police Department,$88.4
Seattle Police Department,$88.4
Seattle Police Department,$88.4
Seattle Police Department,$88.4
Seattle Police Department,$88.4
Seattle Police Department,$88.4
Seattle Police Department,$88.4
Seattle Police Department,$88.4
Seattle Police Department,$88.4
Seattle Police Department,$88.4
Seattle Police Department,$88.4
Human Resources,$88.38
Law Department,$88.34
Law Department,$88.34
Law Department,$88.34
City Budget Office,$88.34
Information Technology,$88.3
Information Technology,$88.28
Seattle Police Department,$88.23
City Budget Office,$88.06
Seattle Police Department,$87.98
Seattle Police Department,$87.98
Seattle Police Department,$87.98
Seattle Police Department,$87.98
Seattle Police Department,$87.98
Seattle Police Department,$87.98
Seattle Police Department,$87.98
Seattle Police Department,$87.98
Seattle Police Department,$87.98
Seattle Police Department,$87.98
Seattle Police Department,$87.98
Seattle Police Department,$87.98
Seattle Police Department,$87.98
Seattle Police Department,$87.98
Seattle Police Department,$87.98
Seattle Police Department,$87.98
Seattle Police Department,$87.98
Seattle Police Department,$87.98
Seattle Police Department,$87.98
Seattle Police Department,$87.98
Seattle Police Department,$87.98
Seattle Police Department,$87.98
Seattle Police Department,$87.98
Seattle Police Department,$87.98
Seattle Police Department,$87.98
Seattle Police Department,$87.98
Seattle Police Department,$87.98
Seattle Police Department,$87.98
Seattle Police Department,$87.98
Seattle Police Department,$87.98
Seattle Police Department,$87.98
Seattle Police Department,$87.98
Seattle Police Department,$87.98
Seattle Police Department,$87.98
Seattle Police Department,$87.98
Seattle Police Department,$87.98
Seattle Police Department,$87.98
Seattle Police Department,$87.98
Seattle Police Department,$87.98
Seattle Police Department,$87.98
Seattle Police Department,$87.98
Seattle Police Department,$87.98
Seattle Police Department,$87.98
Seattle Police Department,$87.98
Seattle Police Department,$87.98
Seattle Police Department,$87.98
Seattle Police Department,$87.98
Seattle Police Department,$87.98
Seattle Police Department,$87.98
Seattle Police Department,$87.98
Seattle Police Department,$87.98
Seattle Police Department,$87.98
Seattle Police Department,$87.98
Seattle Police Department,$87.98
Seattle Police Department,$87.98
Seattle Police Department,$87.98
Seattle Police Department,$87.98
Seattle Police Department,$87.98
Seattle Police Department,$87.98
Seattle Police Department,$87.98
Seattle Police Department,$87.98
Seattle Police Department,$87.98
Seattle Police Department,$87.98
Seattle Police Department,$87.98
Seattle Police Department,$87.98
Seattle Police Department,$87.98
Seattle Police Department,$87.98
Seattle Police Department,$87.98
Seattle Police Department,$87.98
Seattle Police Department,$87.98
Seattle Police Department,$87.98
Seattle Police Department,$87.98
Seattle Police Department,$87.98
Seattle Police Department,$87.98
Seattle Police Department,$87.98
Seattle Police Department,$87.98
Information Technology,$87.94
Information Technology,$87.94
Information Technology,$87.94
Information Technology,$87.94
Information Technology,$87.77
Economic and Revenue Forecasts,$87.76
Seattle Police Department,$87.61
Seattle Police Department,$87.61
Seattle Police Department,$87.55
Seattle Police Department,$87.55
Seattle Police Department,$87.55
Seattle Police Department,$87.55
Seattle Police Department,$87.55
Seattle Police Department,$87.55
Information Technology,$87.51
Law Department,$87.47
Information Technology,$87.38
Information Technology,$87.38
Information Technology,$87.38
Information Technology,$87.38
Law Department,$87.27
Law Department,$87.26
Information Technology,$87.22
Human Resources,$87.02
Information Technology,$87.
Information Technology,$87.
Information Technology,$86.76
Human Resources,$86.65
Human Resources,$86.65
Human Resources,$86.65
Law Department,$86.55
Information Technology,$86.52
Information Technology,$86.34
Seattle Police Department,$86.28
Seattle Police Department,$86.28
Seattle Police Department,$86.28
Human Resources,$86.22
Mayor's Office,$86.21
Mayor's Office,$86.21
Mayor's Office,$86.21
Mayor's Office,$86.21
Information Technology,$86.17
Information Technology,$86.16
Information Technology,$86.15
Seattle Police Department,$85.99
Information Technology,$85.79
Human Resources,$85.62
Law Department,$85.58
Law Department,$85.58
Law Department,$85.58
Information Technology,$85.57
Information Technology,$85.57
Information Technology,$85.57
Information Technology,$85.43
Information Technology,$85.43
Information Technology,$85.43
Information Technology,$85.43
Information Technology,$85.29
Information Technology,$85.28
Information Technology,$85.28
Information Technology,$85.15
Information Technology,$85.11
Information Technology,$84.97
Information Technology,$84.95
Information Technology,$84.89
Human Resources,$84.88
Human Resources,$84.88
Seattle Police Department,$84.88
Seattle Police Department,$84.88
Seattle Police Department,$84.88
Employees Retirement System,$84.88
Employees Retirement System,$84.88
Seattle Police Department,$84.88
Seattle Police Department,$84.88
Seattle Police Department,$84.88
Seattle Police Department,$84.88
Information Technology,$84.88
Seattle Police Department,$84.88
Information Technology,$84.87
Police Relief and Pension,$84.83
Police Relief and Pension,$84.83
Police Relief and Pension,$84.83
City Budget Office,$84.83
Information Technology,$84.69
City Budget Office,$84.65
Law Department,$84.56
Law Department,$84.55
Seattle Police Department,$84.53
Information Technology,$84.52
Information Technology,$84.5
Information Technology,$84.5
Information Technology,$84.5
Information Technology,$84.5
Information Technology,$84.5
Intergovernmental Relations,$84.39
Information Technology,$84.37
Information Technology,$84.29
Human Resources,$84.2
Information Technology,$84.17
Seattle Police Department,$84.16
Information Technology,$84.14
Information Technology,$84.12
Seattle Police Department,$84.07
Information Technology,$84.05
Information Technology,$83.94
Information Technology,$83.94
Information Technology,$83.92
Information Technology,$83.92
Information Technology,$83.92
Human Resources,$83.8
Law Department,$83.75
Seattle Police Department,$83.57
Information Technology,$83.5
Law Department,$83.46
Law Department,$83.46
Law Department,$83.46
Seattle Police Department,$83.27
Information Technology,$83.2
Information Technology,$83.2
Information Technology,$83.2
Seattle Police Department,$83.05
Seattle Police Department,$83.
City Budget Office,$82.95
Information Technology,$82.79
Information Technology,$82.67
Information Technology,$82.67
Information Technology,$82.36
Law Department,$82.3
Seattle Police Department,$82.3
Seattle Police Department,$82.3
Seattle Police Department,$82.3
Seattle Police Department,$82.3
Law Department,$82.3
Information Technology,$82.28
Information Technology,$82.28
Information Technology,$82.28
Information Technology,$82.27
Information Technology,$82.26
Seattle Police Department,$82.26
Information Technology,$82.25
Information Technology,$82.25
Information Technology,$82.25
Information Technology,$82.25
Information Technology,$82.25
Information Technology,$82.25
Information Technology,$82.25
Seattle Police Department,$82.12
Information Technology,$82.1
Emergency Management Office,$82.1
Law Department,$82.09
Intergovernmental Relations,$82.09
Mayor's Office,$82.05
Information Technology,$82.04
Information Technology,$82.04
City Auditor's Office,$82.03
Information Technology,$82.01
Mayor's Office,$82.
Mayor's Office,$82.
Mayor's Office,$82.
Mayor's Office,$82.
Information Technology,$81.79
Information Technology,$81.75
Information Technology,$81.58
Information Technology,$81.57
Information Technology,$81.57
Information Technology,$81.52
Information Technology,$81.5
Information Technology,$81.49
Information Technology,$81.49
Information Technology,$81.47
Information Technology,$81.47
Information Technology,$81.47
Mayor's Office,$81.42
Information Technology,$81.41
Information Technology,$81.41
Seattle Police Department,$81.19
Human Resources,$81.18
Information Technology,$81.12
Information Technology,$81.11
Law Department,$81.06
Human Resources,$81.06
Seattle Police Department,$81.06
Information Technology,$80.93
Seattle Police Department,$80.93
Information Technology,$80.84
Information Technology,$80.82
Seattle Police Department,$80.65
Information Technology,$80.59
Information Technology,$80.59
Intergovernmental Relations,$80.56
Seattle Police Department,$80.52
Seattle Police Department,$80.52
Seattle Police Department,$80.52
Seattle Police Department,$80.52
Seattle Police Department,$80.52
Information Technology,$80.49
Seattle Police Department,$80.41
Information Technology,$80.29
Employees Retirement System,$80.24
Employees Retirement System,$80.24
Information Technology,$80.19
Seattle Police Department,$80.16
Information Technology,$80.11
Information Technology,$80.11
Information Technology,$80.11
Information Technology,$80.11
Information Technology,$80.11
Information Technology,$80.11
Mayor's Office,$80.
Information Technology,$79.81
Law Department,$79.71
Law Department,$79.71
Law Department,$79.71
Law Department,$79.71
Law Department,$79.71
Information Technology,$79.67
Information Technology,$79.65
Information Technology,$79.63
Information Technology,$79.62
Seattle Police Department,$79.54
Seattle Police Department,$79.54
Information Technology,$79.47
Seattle Police Department,$79.26
Seattle Police Department,$79.26
Information Technology,$79.21
Information Technology,$79.21
Information Technology,$79.21
Information Technology,$79.21
Information Technology,$79.21
Information Technology,$79.21
Information Technology,$79.21
Mayor's Office,$79.21
Information Technology,$79.21
Mayor's Office,$79.21
Information Technology,$79.21
Information Technology,$79.15
Information Technology,$79.15
Information Technology,$79.08
Information Technology,$79.08
Information Technology,$79.06
Information Technology,$79.06
Information Technology,$79.06
Seattle Police Department,$79.05
Seattle Police Department,$79.05
Seattle Police Department,$79.05
Seattle Police Department,$79.05
Seattle Police Department,$79.05
Seattle Police Department,$79.05
Seattle Police Department,$79.05
Seattle Police Department,$79.05
Seattle Police Department,$79.05
Seattle Police Department,$79.05
Seattle Police Department,$79.05
Seattle Police Department,$79.05
Seattle Police Department,$79.01
Seattle Police Department,$79.01
Information Technology,$79.
Information Technology,$78.81
Information Technology,$78.81
Information Technology,$78.81
Seattle Police Department,$78.75
Information Technology,$78.65
Information Technology,$78.64
Information Technology,$78.54
Information Technology,$78.53
Information Technology,$78.53
Information Technology,$78.53
City Budget Office,$78.52
Information Technology,$78.41
Information Technology,$78.41
Information Technology,$78.41
Information Technology,$78.41
Information Technology,$78.41
Information Technology,$78.41
Information Technology,$78.4
Information Technology,$78.4
Information Technology,$78.32
Seattle Police Department,$78.3
Seattle Police Department,$78.3
Seattle Police Department,$78.3
Seattle Police Department,$78.3
Seattle Police Department,$78.3
Seattle Police Department,$78.3
Seattle Police Department,$78.3
Seattle Police Department,$78.3
Seattle Police Department,$78.3
Seattle Police Department,$78.3
Seattle Police Department,$78.3
Seattle Police Department,$78.3
Seattle Police Department,$78.3
Seattle Police Department,$78.3
Seattle Police Department,$78.3
Seattle Police Department,$78.3
Seattle Police Department,$78.3
Seattle Police Department,$78.3
Seattle Police Department,$78.3
Seattle Police Department,$78.3
Seattle Police Department,$78.3
Seattle Police Department,$78.3
Seattle Police Department,$78.3
Seattle Police Department,$78.3
Seattle Police Department,$78.3
Seattle Police Department,$78.3
Seattle Police Department,$78.3
Seattle Police Department,$78.3
Seattle Police Department,$78.3
Seattle Police Department,$78.3
Seattle Police Department,$78.3
Seattle Police Department,$78.3
Seattle Police Department,$78.3
Seattle Police Department,$78.3
Seattle Police Department,$78.3
Seattle Police Department,$78.3
Seattle Police Department,$78.3
Seattle Police Department,$78.3
Seattle Police Department,$78.3
Information Technology,$78.28
Information Technology,$78.28
Information Technology,$78.28
Information Technology,$78.28
Information Technology,$78.28
Information Technology,$78.28
Information Technology,$78.28
Information Technology,$78.28
Information Technology,$78.28
Law Department,$78.26
Information Technology,$78.24
Information Technology,$78.15
Information Technology,$78.14
Information Technology,$78.13
Information Technology,$78.04
Information Technology,$78.04
Information Technology,$78.
Information Technology,$77.98
Information Technology,$77.98
Information Technology,$77.95
Law Department,$77.9
Information Technology,$77.87
Information Technology,$77.86
Information Technology,$77.84
Information Technology,$77.83
Human Resources,$77.82
Human Resources,$77.82
Seattle Police Department,$77.82
Mayor's Office,$77.82
Information Technology,$77.81
Information Technology,$77.81
Information Technology,$77.81
Information Technology,$77.7
Information Technology,$77.7
Mayor's Office,$77.7
Information Technology,$77.69
Information Technology,$77.68
Information Technology,$77.63
Information Technology,$77.63
Law Department,$77.61
Law Department,$77.61
Law Department,$77.61
Law Department,$77.61
Law Department,$77.61
Information Technology,$77.6
Civil Service Commissions,$77.58
Seattle Police Department,$77.57
Seattle Police Department,$77.57
Seattle Police Department,$77.57
Seattle Police Department,$77.57
Seattle Police Department,$77.57
Seattle Police Department,$77.57
Seattle Police Department,$77.57
Seattle Police Department,$77.57
Seattle Police Department,$77.57
Seattle Police Department,$77.57
Seattle Police Department,$77.57
Seattle Police Department,$77.57
Seattle Police Department,$77.57
Seattle Police Department,$77.57
Seattle Police Department,$77.57
Seattle Police Department,$77.57
Seattle Police Department,$77.57
Seattle Police Department,$77.57
Seattle Police Department,$77.57
Seattle Police Department,$77.57
Seattle Police Department,$77.57
Seattle Police Department,$77.57
Seattle Police Department,$77.57
Seattle Police Department,$77.57
Seattle Police Department,$77.57
Seattle Police Department,$77.57
Seattle Police Department,$77.57
Seattle Police Department,$77.57
Seattle Police Department,$77.57
Seattle Police Department,$77.57
Seattle Police Department,$77.57
Seattle Police Department,$77.57
Seattle Police Department,$77.57
Seattle Police Department,$77.57
Seattle Police Department,$77.57
Seattle Police Department,$77.57
Seattle Police Department,$77.57
Seattle Police Department,$77.57
Seattle Police Department,$77.57
Seattle Police Department,$77.57
Seattle Police Department,$77.57
Seattle Police Department,$77.57
Seattle Police Department,$77.57
Seattle Police Department,$77.57
Seattle Police Department,$77.57
Seattle Police Department,$77.57
Seattle Police Department,$77.57
Seattle Police Department,$77.57
Law Department,$77.52
Information Technology,$77.51
Information Technology,$77.46
Information Technology,$77.39
Information Technology,$77.39
Information Technology,$77.39
Information Technology,$77.39
Information Technology,$77.39
Information Technology,$77.39
Information Technology,$77.39
Information Technology,$77.38
Information Technology,$77.32
Information Technology,$77.32
Information Technology,$77.29
Information Technology,$77.21
Information Technology,$77.21
Information Technology,$77.21
Information Technology,$77.21
Information Technology,$77.21
Information Technology,$77.21
Information Technology,$77.15
Information Technology,$77.15
Information Technology,$77.15
Information Technology,$77.15
Information Technology,$77.15
Information Technology,$77.03
Seattle Police Department,$76.84
Seattle Police Department,$76.82
Seattle Police Department,$76.82
Seattle Police Department,$76.82
Seattle Police Department,$76.82
Seattle Police Department,$76.82
Seattle Police Department,$76.82
Seattle Police Department,$76.82
Seattle Police Department,$76.82
Seattle Police Department,$76.82
Seattle Police Department,$76.82
Seattle Police Department,$76.82
Seattle Police Department,$76.82
Seattle Police Department,$76.82
Seattle Police Department,$76.82
Seattle Police Department,$76.82
Seattle Police Department,$76.82
Seattle Police Department,$76.82
Seattle Police Department,$76.82
Seattle Police Department,$76.82
Seattle Police Department,$76.82
Seattle Police Department,$76.82
Seattle Police Department,$76.82
Seattle Police Department,$76.82
Seattle Police Department,$76.82
Seattle Police Department,$76.82
Seattle Police Department,$76.82
Seattle Police Department,$76.82
Seattle Police Department,$76.82
Seattle Police Department,$76.82
Seattle Police Department,$76.82
Seattle Police Department,$76.82
Seattle Police Department,$76.82
Seattle Police Department,$76.82
Seattle Police Department,$76.82
Seattle Police Department,$76.82
Seattle Police Department,$76.82
Seattle Police Department,$76.82
Seattle Police Department,$76.82
Seattle Police Department,$76.82
Seattle Police Department,$76.82
Seattle Police Department,$76.82
Seattle Police Department,$76.82
Seattle Police Department,$76.82
Seattle Police Department,$76.82
Seattle Police Department,$76.82
Seattle Police Department,$76.82
Seattle Police Department,$76.82
Seattle Police Department,$76.82
Seattle Police Department,$76.82
Seattle Police Department,$76.82
Seattle Police Department,$76.82
Seattle Police Department,$76.82
Seattle Police Department,$76.82
Seattle Police Department,$76.82
Seattle Police Department,$76.82
Seattle Police Department,$76.82
Seattle Police Department,$76.82
Seattle Police Department,$76.82
Seattle Police Department,$76.82
Seattle Police Department,$76.82
Seattle Police Department,$76.82
Information Technology,$76.72
Information Technology,$76.72
Information Technology,$76.72
Intergovernmental Relations,$76.72
Intergovernmental Relations,$76.72
Intergovernmental Relations,$76.72
Information Technology,$76.7
Information Technology,$76.7
Information Technology,$76.7
Law Department,$76.67
Law Department,$76.67
Law Department,$76.67
Law Department,$76.67
Seattle Police Department,$76.66
Information Technology,$76.65
Information Technology,$76.62
Information Technology,$76.6
Information Technology,$76.6
Information Technology,$76.6
Information Technology,$76.6
Information Technology,$76.6
Information Technology,$76.6
Information Technology,$76.53
Information Technology,$76.47
Seattle Police Department,$76.46
Seattle Police Department,$76.46
Seattle Police Department,$76.46
Seattle Police Department,$76.46
Seattle Police Department,$76.46
Seattle Police Department,$76.46
Seattle Police Department,$76.46
Seattle Police Department,$76.46
Seattle Police Department,$76.46
Seattle Police Department,$76.46
Seattle Police Department,$76.46
Seattle Police Department,$76.46
Seattle Police Department,$76.46
Seattle Police Department,$76.46
Seattle Police Department,$76.46
Seattle Police Department,$76.46
Seattle Police Department,$76.46
Seattle Police Department,$76.46
Seattle Police Department,$76.46
Seattle Police Department,$76.46
Seattle Police Department,$76.46
Seattle Police Department,$76.46
Seattle Police Department,$76.46
Seattle Police Department,$76.46
Seattle Police Department,$76.46
Seattle Police Department,$76.46
Seattle Police Department,$76.46
Seattle Police Department,$76.46
Seattle Police Department,$76.46
Seattle Police Department,$76.46
Seattle Police Department,$76.46
Seattle Police Department,$76.46
Seattle Police Department,$76.46
Seattle Police Department,$76.46
Seattle Police Department,$76.46
Seattle Police Department,$76.46
Seattle Police Department,$76.46
Seattle Police Department,$76.46
Seattle Police Department,$76.46
Seattle Police Department,$76.46
Seattle Police Department,$76.46
Seattle Police Department,$76.46
Seattle Police Department,$76.46
Seattle Police Department,$76.46
Seattle Police Department,$76.46
Seattle Police Department,$76.46
Seattle Police Department,$76.46
Seattle Police Department,$76.46
Seattle Police Department,$76.46
Seattle Police Department,$76.46
Seattle Police Department,$76.46
Seattle Police Department,$76.46
Seattle Police Department,$76.46
Seattle Police Department,$76.46
Seattle Police Department,$76.46
Seattle Police Department,$76.46
Seattle Police Department,$76.46
Seattle Police Department,$76.46
Seattle Police Department,$76.46
Seattle Police Department,$76.46
Seattle Police Department,$76.46
Seattle Police Department,$76.46
Seattle Police Department,$76.46
Seattle Police Department,$76.46
Seattle Police Department,$76.46
Seattle Police Department,$76.46
Seattle Police Department,$76.46
Seattle Police Department,$76.46
Seattle Police Department,$76.46
Seattle Police Department,$76.46
Seattle Police Department,$76.46
Seattle Police Department,$76.46
Seattle Police Department,$76.46
Seattle Police Department,$76.46
Seattle Police Department,$76.46
Seattle Police Department,$76.46
Seattle Police Department,$76.46
Seattle Police Department,$76.46
Seattle Police Department,$76.46
Seattle Police Department,$76.46
Seattle Police Department,$76.46
Seattle Police Department,$76.46
Seattle Police Department,$76.46
Seattle Police Department,$76.46
Seattle Police Department,$76.46
Seattle Police Department,$76.46
Seattle Police Department,$76.46
Seattle Police Department,$76.46
Seattle Police Department,$76.46
Seattle Police Department,$76.46
Seattle Police Department,$76.46
Seattle Police Department,$76.46
Seattle Police Department,$76.46
Seattle Police Department,$76.46
Seattle Police Department,$76.46
Seattle Police Department,$76.46
Seattle Police Department,$76.46
Seattle Police Department,$76.46
Seattle Police Department,$76.46
Seattle Police Department,$76.46
Seattle Police Department,$76.46
Seattle Police Department,$76.46
Seattle Police Department,$76.46
Seattle Police Department,$76.46
Seattle Police Department,$76.46
Seattle Police Department,$76.46
Seattle Police Department,$76.46
Seattle Police Department,$76.46
Seattle Police Department,$76.46
Seattle Police Department,$76.46
Seattle Police Department,$76.46
Seattle Police Department,$76.46
Seattle Police Department,$76.46
Seattle Police Department,$76.46
Seattle Police Department,$76.46
Seattle Police Department,$76.46
Seattle Police Department,$76.46
Seattle Police Department,$76.46
Seattle Police Department,$76.46
Seattle Police Department,$76.46
Seattle Police Department,$76.46
Seattle Police Department,$76.46
Seattle Police Department,$76.46
Seattle Police Department,$76.46
Seattle Police Department,$76.46
Seattle Police Department,$76.46
Seattle Police Department,$76.46
Seattle Police Department,$76.46
Seattle Police Department,$76.46
Seattle Police Department,$76.46
Seattle Police Department,$76.46
Seattle Police Department,$76.46
Seattle Police Department,$76.46
Seattle Police Department,$76.46
Seattle Police Department,$76.46
Seattle Police Department,$76.46
Seattle Police Department,$76.46
Seattle Police Department,$76.46
Seattle Police Department,$76.46
Seattle Police Department,$76.46
Seattle Police Department,$76.46
Seattle Police Department,$76.46
Seattle Police Department,$76.46
Seattle Police Department,$76.46
Seattle Police Department,$76.46
Seattle Police Department,$76.46
Seattle Police Department,$76.46
Seattle Police Department,$76.46
Seattle Police Department,$76.46
Seattle Police Department,$76.46
Seattle Police Department,$76.46
Seattle Police Department,$76.46
Seattle Police Department,$76.46
Seattle Police Department,$76.46
Seattle Police Department,$76.46
Seattle Police Department,$76.46
Seattle Police Department,$76.46
Seattle Police Department,$76.46
Seattle Police Department,$76.46
Seattle Police Department,$76.46
Seattle Police Department,$76.46
Seattle Police Department,$76.46
Seattle Police Department,$76.46
Seattle Police Department,$76.46
Seattle Police Department,$76.46
Seattle Police Department,$76.46
Seattle Police Department,$76.46
Seattle Police Department,$76.46
Seattle Police Department,$76.46
Seattle Police Department,$76.46
Seattle Police Department,$76.46
Seattle Police Department,$76.46
Seattle Police Department,$76.46
Seattle Police Department,$76.46
Seattle Police Department,$76.46
Seattle Police Department,$76.46
Seattle Police Department,$76.46
Seattle Police Department,$76.46
Seattle Police Department,$76.46
Seattle Police Department,$76.46
Seattle Police Department,$76.46
Seattle Police Department,$76.46
Seattle Police Department,$76.46
Seattle Police Department,$76.46
Seattle Police Department,$76.46
Seattle Police Department,$76.46
Seattle Police Department,$76.46
Seattle Police Department,$76.46
Seattle Police Department,$76.46
Seattle Police Department,$76.46
Seattle Police Department,$76.46
Seattle Police Department,$76.46
Seattle Police Department,$76.46
Seattle Police Department,$76.46
Seattle Police Department,$76.46
Seattle Police Department,$76.46
Seattle Police Department,$76.46
Seattle Police Department,$76.46
Seattle Police Department,$76.46
Seattle Police Department,$76.46
Seattle Police Department,$76.46
Seattle Police Department,$76.46
Seattle Police Department,$76.46
Seattle Police Department,$76.46
Seattle Police Department,$76.46
Seattle Police Department,$76.46
Seattle Police Department,$76.46
Seattle Police Department,$76.46
Seattle Police Department,$76.46
Seattle Police Department,$76.46
Seattle Police Department,$76.46
Seattle Police Department,$76.46
Seattle Police Department,$76.46
Seattle Police Department,$76.46
Seattle Police Department,$76.46
Seattle Police Department,$76.46
Seattle Police Department,$76.46
Seattle Police Department,$76.46
Seattle Police Department,$76.46
Seattle Police Department,$76.46
Seattle Police Department,$76.46
Seattle Police Department,$76.46
Seattle Police Department,$76.46
Seattle Police Department,$76.46
Seattle Police Department,$76.46
Seattle Police Department,$76.46
Seattle Police Department,$76.46
Seattle Police Department,$76.46
Seattle Police Department,$76.46
Seattle Police Department,$76.46
Seattle Police Department,$76.46
Seattle Police Department,$76.46
Seattle Police Department,$76.46
Seattle Police Department,$76.46
Seattle Police Department,$76.46
Seattle Police Department,$76.46
Seattle Police Department,$76.46
Seattle Police Department,$76.46
Seattle Police Department,$76.46
Seattle Police Department,$76.46
Seattle Police Department,$76.46
Seattle Police Department,$76.46
Seattle Police Department,$76.46
Seattle Police Department,$76.46
Seattle Police Department,$76.46
Seattle Police Department,$76.46
Seattle Police Department,$76.46
Seattle Police Department,$76.46
Seattle Police Department,$76.46
Seattle Police Department,$76.46
Seattle Police Department,$76.46
Seattle Police Department,$76.46
Seattle Police Department,$76.46
Seattle Police Department,$76.46
Seattle Police Department,$76.46
Seattle Police Department,$76.46
Seattle Police Department,$76.46
Seattle Police Department,$76.46
Seattle Police Department,$76.46
Seattle Police Department,$76.46
Seattle Police Department,$76.46
Seattle Police Department,$76.46
Seattle Police Department,$76.46
Seattle Police Department,$76.46
Seattle Police Department,$76.46
Seattle Police Department,$76.46
Seattle Police Department,$76.46
Seattle Police Department,$76.46
Seattle Police Department,$76.46
Seattle Police Department,$76.46
Seattle Police Department,$76.46
Seattle Police Department,$76.46
Seattle Police Department,$76.46
Seattle Police Department,$76.46
Seattle Police Department,$76.46
Seattle Police Department,$76.46
Seattle Police Department,$76.46
Seattle Police Department,$76.46
Seattle Police Department,$76.46
Seattle Police Department,$76.46
Seattle Police Department,$76.46
Seattle Police Department,$76.46
Seattle Police Department,$76.46
Seattle Police Department,$76.46
Seattle Police Department,$76.46
Seattle Police Department,$76.46
Seattle Police Department,$76.46
Seattle Police Department,$76.46
Seattle Police Department,$76.46
Seattle Police Department,$76.46
Seattle Police Department,$76.46
Seattle Police Department,$76.46
Seattle Police Department,$76.46
Seattle Police Department,$76.46
Seattle Police Department,$76.46
Seattle Police Department,$76.46
Seattle Police Department,$76.46
Seattle Police Department,$76.46
Seattle Police Department,$76.46
Seattle Police Department,$76.46
Seattle Police Department,$76.46
Seattle Police Department,$76.46
Seattle Police Department,$76.46
Seattle Police Department,$76.46
Seattle Police Department,$76.46
Seattle Police Department,$76.46
Seattle Police Department,$76.46
Seattle Police Department,$76.46
Seattle Police Department,$76.46
Seattle Police Department,$76.46
Seattle Police Department,$76.46
Seattle Police Department,$76.46
Seattle Police Department,$76.46
Seattle Police Department,$76.46
Seattle Police Department,$76.46
Seattle Police Department,$76.46
Seattle Police Department,$76.46
Seattle Police Department,$76.46
Seattle Police Department,$76.46
Seattle Police Department,$76.46
Seattle Police Department,$76.46
Seattle Police Department,$76.46
Seattle Police Department,$76.46
Seattle Police Department,$76.46
Seattle Police Department,$76.46
Seattle Police Department,$76.46
Seattle Police Department,$76.46
Seattle Police Department,$76.46
Seattle Police Department,$76.46
Seattle Police Department,$76.46
Seattle Police Department,$76.46
Seattle Police Department,$76.46
Seattle Police Department,$76.46
Seattle Police Department,$76.46
Seattle Police Department,$76.46
Seattle Police Department,$76.46
Seattle Police Department,$76.46
Seattle Police Department,$76.46
Seattle Police Department,$76.46
Seattle Police Department,$76.46
Seattle Police Department,$76.46
Seattle Police Department,$76.46
Seattle Police Department,$76.46
Seattle Police Department,$76.46
Seattle Police Department,$76.46
Seattle Police Department,$76.46
Seattle Police Department,$76.46
Seattle Police Department,$76.46
Seattle Police Department,$76.46
Seattle Police Department,$76.46
Seattle Police Department,$76.46
Seattle Police Department,$76.46
Seattle Police Department,$76.46
Seattle Police Department,$76.46
Seattle Police Department,$76.46
Seattle Police Department,$76.46
Seattle Police Department,$76.46
Seattle Police Department,$76.46
Seattle Police Department,$76.46
Seattle Police Department,$76.46
Seattle Police Department,$76.46
Seattle Police Department,$76.46
Seattle Police Department,$76.46
Seattle Police Department,$76.46
Seattle Police Department,$76.46
Seattle Police Department,$76.46
Seattle Police Department,$76.46
Seattle Police Department,$76.46
Seattle Police Department,$76.46
Information Technology,$76.34
Information Technology,$76.34
Employees Retirement System,$76.32
Employees Retirement System,$76.32
Law Department,$76.32
Information Technology,$76.31
Information Technology,$76.31
Information Technology,$76.31
Information Technology,$76.24
Law Department,$76.19
Information Technology,$76.19
Information Technology,$76.09
Information Technology,$76.09
Seattle Police Department,$76.09
Seattle Police Department,$76.09
Seattle Police Department,$76.09
Seattle Police Department,$76.09
Seattle Police Department,$76.09
Seattle Police Department,$76.09
Seattle Police Department,$76.09
Seattle Police Department,$76.09
Seattle Police Department,$76.09
Seattle Police Department,$76.09
Seattle Police Department,$76.09
Seattle Police Department,$76.09
Seattle Police Department,$76.09
Seattle Police Department,$76.09
Seattle Police Department,$76.09
Seattle Police Department,$76.09
Law Department,$76.02
Information Technology,$76.01
Information Technology,$76.01
Information Technology,$76.01
Information Technology,$76.01
Seattle Police Department,$75.92
Human Resources,$75.92
Information Technology,$75.91
Information Technology,$75.91
Information Technology,$75.91
Information Technology,$75.9
City Budget Office,$75.86
City Budget Office,$75.86
Law Department,$75.84
Information Technology,$75.81
Information Technology,$75.8
Information Technology,$75.8
Information Technology,$75.8
Information Technology,$75.77
Information Technology,$75.71
Information Technology,$75.71
Information Technology,$75.66
Information Technology,$75.65
Information Technology,$75.65
Information Technology,$75.65
Information Technology,$75.65
Information Technology,$75.65
Information Technology,$75.65
Information Technology,$75.6
Information Technology,$75.56
Information Technology,$75.56
Information Technology,$75.56
Seattle Police Department,$75.52
Employees Retirement System,$75.44
Information Technology,$75.39
Information Technology,$75.39
Information Technology,$75.39
Civil Service Commissions,$75.37
Human Resources,$75.37
Information Technology,$75.36
Seattle Police Department,$75.35
Seattle Police Department,$75.35
Seattle Police Department,$75.35
Seattle Police Department,$75.35
Seattle Police Department,$75.35
Seattle Police Department,$75.35
Seattle Police Department,$75.35
Seattle Police Department,$75.35
Seattle Police Department,$75.35
Seattle Police Department,$75.35
Seattle Police Department,$75.35
Seattle Police Department,$75.35
Seattle Police Department,$75.35
Seattle Police Department,$75.35
Seattle Police Department,$75.35
Seattle Police Department,$75.35
Seattle Police Department,$75.35
Seattle Police Department,$75.35
Seattle Police Department,$75.35
Seattle Police Department,$75.35
Seattle Police Department,$75.35
Seattle Police Department,$75.35
Seattle Police Department,$75.35
Seattle Police Department,$75.35
Seattle Police Department,$75.35
Seattle Police Department,$75.35
Seattle Police Department,$75.35
Seattle Police Department,$75.35
Seattle Police Department,$75.35
Seattle Police Department,$75.35
Seattle Police Department,$75.35
Seattle Police Department,$75.35
Information Technology,$75.3
Information Technology,$75.3
Information Technology,$75.29
Information Technology,$75.24
Law Department,$75.22
Information Technology,$75.19
City Budget Office,$75.11
Information Technology,$75.1
Information Technology,$75.08
Seattle Police Department,$75.07
Seattle Police Department,$75.03
Mayor's Office,$75.
Information Technology,$74.99
Seattle Police Department,$74.98
Seattle Police Department,$74.98
Seattle Police Department,$74.98
Seattle Police Department,$74.98
Seattle Police Department,$74.98
Seattle Police Department,$74.98
Seattle Police Department,$74.98
Seattle Police Department,$74.98
Seattle Police Department,$74.98
Seattle Police Department,$74.98
Seattle Police Department,$74.98
Seattle Police Department,$74.98
Seattle Police Department,$74.98
Seattle Police Department,$74.98
Seattle Police Department,$74.98
Seattle Police Department,$74.98
Seattle Police Department,$74.98
Seattle Police Department,$74.98
Seattle Police Department,$74.98
Seattle Police Department,$74.98
Seattle Police Department,$74.98
Seattle Police Department,$74.98
Seattle Police Department,$74.98
Seattle Police Department,$74.98
Information Technology,$74.97
Seattle Police Department,$74.96
Law Department,$74.93
Law Department,$74.93
Information Technology,$74.93
Information Technology,$74.88
Information Technology,$74.84
Information Technology,$74.8
Information Technology,$74.79
Information Technology,$74.79
Information Technology,$74.79
Information Technology,$74.79
Information Technology,$74.79
Information Technology,$74.76
City Budget Office,$74.74
Information Technology,$74.72
Information Technology,$74.7
Information Technology,$74.69
Information Technology,$74.62
Community Police Commission,$74.59
Information Technology,$74.55
Information Technology,$74.55
Information Technology,$74.55
Information Technology,$74.5
Information Technology,$74.5
Information Technology,$74.49
Information Technology,$74.49
Information Technology,$74.49
Information Technology,$74.49
Information Technology,$74.48
Employees Retirement System,$74.48
Seattle Police Department,$74.48
Seattle Police Department,$74.48
Employees Retirement System,$74.48
Information Technology,$74.47
Information Technology,$74.47
Information Technology,$74.47
Information Technology,$74.47
Information Technology,$74.47
Information Technology,$74.47
Information Technology,$74.45
Information Technology,$74.44
Law Department,$74.43
Information Technology,$74.43
Information Technology,$74.42
Information Technology,$74.42
Information Technology,$74.42
Information Technology,$74.34
Information Technology,$74.31
Information Technology,$74.3
Information Technology,$74.28
Information Technology,$74.25
Law Department,$74.23
Information Technology,$74.21
Information Technology,$74.2
Information Technology,$74.2
Information Technology,$74.19
Information Technology,$74.17
Information Technology,$74.17
Information Technology,$74.17
Information Technology,$74.13
Seattle Police Department,$74.12
City Budget Office,$74.12
Information Technology,$74.05
Information Technology,$74.03
Information Technology,$74.02
City Budget Office,$74.
Information Technology,$73.99
Information Technology,$73.97
Information Technology,$73.95
Seattle Police Department,$73.95
Information Technology,$73.94
Information Technology,$73.88
Information Technology,$73.87
Seattle Police Department,$73.87
Seattle Police Department,$73.87
Seattle Police Department,$73.87
Seattle Police Department,$73.87
Seattle Police Department,$73.87
Information Technology,$73.85
Information Technology,$73.85
Information Technology,$73.81
Human Resources,$73.79
City Budget Office,$73.79
Information Technology,$73.76
Information Technology,$73.75
Information Technology,$73.72
Information Technology,$73.71
Information Technology,$73.71
Information Technology,$73.68
Information Technology,$73.65
Information Technology,$73.64
City Budget Office,$73.63
Information Technology,$73.61
Information Technology,$73.59
Information Technology,$73.59
Information Technology,$73.59
Information Technology,$73.57
Information Technology,$73.55
Information Technology,$73.55
Information Technology,$73.55
Information Technology,$73.55
Information Technology,$73.53
Information Technology,$73.31
Information Technology,$73.3
Law Department,$73.23
Information Technology,$73.1
Information Technology,$73.04
Law Department,$72.99
Law Department,$72.99
Information Technology,$72.99
Information Technology,$72.87
Human Resources,$72.82
Emergency Management Office,$72.64
Emergency Management Office,$72.53
Information Technology,$72.52
Human Resources,$72.47
Human Resources,$72.47
Human Resources,$72.47
Information Technology,$72.38
Information Technology,$72.38
Information Technology,$72.38
Information Technology,$72.38
Information Technology,$72.38
Information Technology,$72.38
Information Technology,$72.38
Information Technology,$72.38
Emergency Management Office,$72.29
Employees Retirement System,$72.25
Employees Retirement System,$72.25
Employees Retirement System,$72.2
Information Technology,$72.11
Information Technology,$72.11
City Budget Office,$72.1
City Budget Office,$72.1
Information Technology,$72.07
Information Technology,$72.03
Mayor's Office,$72.
Information Technology,$71.91
Information Technology,$71.86
Seattle Police Department,$71.86
Information Technology,$71.86
Mayor's Office,$71.83
Information Technology,$71.81
Information Technology,$71.6
Law Department,$71.57
Law Department,$71.57
Law Department,$71.57
Emergency Management Office,$71.45
Emergency Management Office,$71.45
Information Technology,$71.41
Information Technology,$71.41
Human Resources,$71.41
City Budget Office,$71.37
City Budget Office,$71.37
City Budget Office,$71.37
Information Technology,$71.34
Information Technology,$71.34
Seattle Police Department,$71.34
Information Technology,$71.29
Seattle Police Department,$71.2
Information Technology,$71.18
Information Technology,$71.18
Seattle Police Department,$71.18
Community Police Commission,$71.
Law Department,$70.81
Law Department,$70.81
City Auditor's Office,$70.8
Information Technology,$70.75
City Budget Office,$70.68
Information Technology,$70.58
Seattle Police Department,$70.46
Seattle Police Department,$70.46
Seattle Police Department,$70.46
Seattle Police Department,$70.46
Seattle Police Department,$70.46
Seattle Police Department,$70.46
Seattle Police Department,$70.46
Seattle Police Department,$70.46
Seattle Police Department,$70.46
Seattle Police Department,$70.46
Seattle Police Department,$70.46
Seattle Police Department,$70.46
Seattle Police Department,$70.46
Seattle Police Department,$70.46
Seattle Police Department,$70.46
Seattle Police Department,$70.46
Seattle Police Department,$70.46
Seattle Police Department,$70.46
Seattle Police Department,$70.46
Seattle Police Department,$70.46
Seattle Police Department,$70.46
Seattle Police Department,$70.46
Seattle Police Department,$70.46
Seattle Police Department,$70.46
Seattle Police Department,$70.46
Seattle Police Department,$70.46
Seattle Police Department,$70.46
Seattle Police Department,$70.46
Seattle Police Department,$70.46
Seattle Police Department,$70.46
Seattle Police Department,$70.46
Seattle Police Department,$70.46
Seattle Police Department,$70.46
Seattle Police Department,$70.46
Information Technology,$70.42
Law Department,$70.4
Information Technology,$70.33
Information Technology,$70.23
Human Resources,$70.21
Seattle Police Department,$70.21
City Auditor's Office,$70.13
Seattle Police Department,$70.03
Information Technology,$70.02
Mayor's Office,$70.
City Budget Office,$69.64
City Budget Office,$69.64
Human Resources,$69.42
Information Technology,$69.36
City Budget Office,$69.32
City Budget Office,$69.3
City Budget Office,$69.29
City Budget Office,$69.29
Law Department,$69.13
Seattle Police Department,$68.98
Seattle Police Department,$68.98
Seattle Police Department,$68.98
Seattle Police Department,$68.98
Seattle Police Department,$68.98
Seattle Police Department,$68.98
Seattle Police Department,$68.98
Seattle Police Department,$68.98
Seattle Police Department,$68.98
Seattle Police Department,$68.98
Seattle Police Department,$68.98
Seattle Police Department,$68.98
City Budget Office,$68.61
Seattle Police Department,$68.58
Seattle Police Department,$68.58
Seattle Police Department,$68.58
Information Technology,$68.55
Human Resources,$68.4
Law Department,$68.33
Seattle Police Department,$68.31
Human Resources,$68.16
Human Resources,$68.03
Information Technology,$68.03
Seattle Police Department,$68.03
Law Department,$68.03
Seattle Police Department,$68.03
Human Resources,$67.98
Seattle Police Department,$67.94
Seattle Police Department,$67.94
Information Technology,$67.76
Human Resources,$67.63
Human Resources,$67.63
Information Technology,$67.55
Information Technology,$67.54
Information Technology,$67.38
Information Technology,$67.23
Seattle Police Department,$67.15
Seattle Police Department,$67.15
Seattle Police Department,$67.15
Seattle Police Department,$67.15
Seattle Police Department,$67.15
Seattle Police Department,$67.15
Seattle Police Department,$67.15
Seattle Police Department,$67.15
Seattle Police Department,$67.15
Seattle Police Department,$67.15
Seattle Police Department,$67.15
Seattle Police Department,$67.15
Seattle Police Department,$67.15
Seattle Police Department,$67.15
Seattle Police Department,$67.15
Seattle Police Department,$67.15
Seattle Police Department,$67.15
Seattle Police Department,$67.15
Seattle Police Department,$67.15
Seattle Police Department,$67.15
Seattle Police Department,$67.15
Seattle Police Department,$67.15
Seattle Police Department,$67.15
Seattle Police Department,$67.15
Seattle Police Department,$67.15
Seattle Police Department,$67.15
Seattle Police Department,$67.15
Seattle Police Department,$67.15
Seattle Police Department,$67.15
Seattle Police Department,$67.15
Seattle Police Department,$67.15
Seattle Police Department,$67.15
Seattle Police Department,$67.15
Seattle Police Department,$67.15
Seattle Police Department,$67.15
Seattle Police Department,$67.15
Seattle Police Department,$67.15
Seattle Police Department,$67.13
Law Department,$67.12
Law Department,$67.12
Law Department,$67.12
Law Department,$67.12
Law Department,$67.12
Seattle Police Department,$67.07
Emergency Management Office,$67.03
Information Technology,$66.79
Seattle Police Department,$66.75
Human Resources,$66.75
Law Department,$66.74
Information Technology,$66.69
Human Resources,$66.63
Human Resources,$66.63
Information Technology,$66.56
City Auditor's Office,$66.37
Information Technology,$66.35
Information Technology,$66.35
Information Technology,$66.35
Information Technology,$66.35
Information Technology,$66.35
Information Technology,$66.35
Information Technology,$66.35
Information Technology,$66.35
Information Technology,$66.35
Information Technology,$66.29
Information Technology,$66.12
Information Technology,$66.07
Community Police Commission,$66.
Human Resources,$65.79
Seattle Police Department,$65.67
Seattle Police Department,$65.67
Seattle Police Department,$65.67
Emergency Management Office,$65.58
Information Technology,$65.56
Information Technology,$65.54
Hearing Examiner,$65.54
City Budget Office,$65.54
Information Technology,$65.54
Civil Service Commissions,$65.54
Information Technology,$65.54
Employees Retirement System,$65.54
Law Department,$65.54
Seattle Police Department,$65.54
Seattle Police Department,$65.54
Seattle Police Department,$65.54
Seattle Police Department,$65.54
Seattle Police Department,$65.54
Seattle Police Department,$65.54
Seattle Police Department,$65.54
Human Resources,$65.54
Information Technology,$65.54
Information Technology,$65.54
Information Technology,$65.54
Information Technology,$65.54
Information Technology,$65.54
Human Resources,$65.54
Seattle Police Department,$65.54
Seattle Police Department,$65.54
Seattle Police Department,$65.54
Seattle Police Department,$65.54
Seattle Police Department,$65.54
Seattle Police Department,$65.54
Seattle Police Department,$65.54
Information Technology,$65.45
Human Resources,$65.43
Information Technology,$65.34
Information Technology,$65.31
Information Technology,$65.27
Information Technology,$65.27
Information Technology,$65.24
Information Technology,$65.18
Information Technology,$65.01
Information Technology,$64.9
Seattle Police Department,$64.73
Seattle Police Department,$64.73
Seattle Police Department,$64.73
Seattle Police Department,$64.73
Seattle Police Department,$64.73
Seattle Police Department,$64.73
Seattle Police Department,$64.73
Seattle Police Department,$64.73
Seattle Police Department,$64.73
Seattle Police Department,$64.73
Seattle Police Department,$64.73
Seattle Police Department,$64.73
Seattle Police Department,$64.73
Seattle Police Department,$64.73
Seattle Police Department,$64.73
Seattle Police Department,$64.73
Seattle Police Department,$64.73
Seattle Police Department,$64.73
Seattle Police Department,$64.73
Seattle Police Department,$64.73
Seattle Police Department,$64.73
Information Technology,$64.71
Information Technology,$64.7
Seattle Police Department,$64.5
Seattle Police Department,$64.44
Human Resources,$64.25
Employees Retirement System,$64.25
Human Resources,$64.25
Human Resources,$64.25
Human Resources,$64.25
Human Resources,$64.25
Human Resources,$64.25
Civil Service Commissions,$64.25
Civil Service Commissions,$64.25
Employees Retirement System,$64.25
Human Resources,$64.25
Seattle Police Department,$64.24
Seattle Police Department,$64.24
Information Technology,$64.22
Mayor's Office,$64.
Emergency Management Office,$63.93
Information Technology,$63.85
Human Resources,$63.47
Law Department,$63.31
Law Department,$63.31
Law Department,$63.31
Law Department,$63.31
Community Police Commission,$63.26
Community Police Commission,$63.26
Seattle Police Department,$63.25
Seattle Police Department,$63.25
Seattle Police Department,$63.25
Seattle Police Department,$63.25
Seattle Police Department,$63.25
Seattle Police Department,$63.2
Emergency Management Office,$63.19
Information Technology,$63.19
Information Technology,$63.19
Seattle Police Department,$63.19
Seattle Police Department,$63.19
Law Department,$62.9
Human Resources,$62.9
Information Technology,$62.9
Seattle Police Department,$62.9
Information Technology,$62.74
Emergency Management Office,$62.57
Seattle Police Department,$62.5
Seattle Police Department,$62.5
Information Technology,$62.45
Information Technology,$62.4
Seattle Police Department,$62.38
Law Department,$62.26
Mayor's Office,$62.26
Mayor's Office,$62.26
Mayor's Office,$62.26
Employees Retirement System,$62.
Seattle Police Department,$61.99
Seattle Police Department,$61.99
Seattle Police Department,$61.99
Seattle Police Department,$61.96
Human Resources,$61.96
Information Technology,$61.95
Economic and Revenue Forecasts,$61.14
City Auditor's Office,$60.75
Community Police Commission,$60.75
Seattle Police Department,$60.75
Information Technology,$60.75
Information Technology,$60.75
Seattle Police Department,$60.75
Seattle Police Department,$60.75
Seattle Police Department,$60.75
Human Resources,$60.75
Seattle Police Department,$60.51
Seattle Police Department,$60.51
Seattle Police Department,$60.51
Seattle Police Department,$60.51
Seattle Police Department,$60.51
Seattle Police Department,$60.51
Seattle Police Department,$60.51
Seattle Police Department,$60.51
Seattle Police Department,$60.51
Seattle Police Department,$60.51
Seattle Police Department,$60.51
Seattle Police Department,$60.51
Seattle Police Department,$60.51
Seattle Police Department,$60.51
Seattle Police Department,$60.51
Seattle Police Department,$60.51
Seattle Police Department,$60.51
Seattle Police Department,$60.51
Seattle Police Department,$60.51
Seattle Police Department,$60.51
Seattle Police Department,$60.51
Seattle Police Department,$60.51
Seattle Police Department,$60.51
Seattle Police Department,$60.51
Seattle Police Department,$60.51
Seattle Police Department,$60.51
Seattle Police Department,$60.51
Seattle Police Department,$60.51
Seattle Police Department,$60.51
Seattle Police Department,$60.51
Seattle Police Department,$60.51
Seattle Police Department,$60.51
Seattle Police Department,$60.51
Seattle Police Department,$60.51
Seattle Police Department,$60.51
Seattle Police Department,$60.51
Seattle Police Department,$60.51
Seattle Police Department,$60.51
Seattle Police Department,$60.51
Seattle Police Department,$60.51
Seattle Police Department,$60.51
Seattle Police Department,$60.51
Seattle Police Department,$60.51
Seattle Police Department,$60.51
Seattle Police Department,$60.51
Seattle Police Department,$60.51
Seattle Police Department,$60.51
Seattle Police Department,$60.51
Seattle Police Department,$60.51
Seattle Police Department,$60.51
Seattle Police Department,$60.51
Seattle Police Department,$60.51
Seattle Police Department,$60.51
Seattle Police Department,$60.51
Seattle Police Department,$60.51
Seattle Police Department,$60.51
Seattle Police Department,$60.51
Seattle Police Department,$60.51
Seattle Police Department,$60.51
Seattle Police Department,$60.51
Seattle Police Department,$60.51
Seattle Police Department,$60.51
Seattle Police Department,$60.51
Seattle Police Department,$60.51
Seattle Police Department,$60.51
Seattle Police Department,$60.51
Seattle Police Department,$60.51
Seattle Police Department,$60.51
Seattle Police Department,$60.51
Seattle Police Department,$60.51
Seattle Police Department,$60.51
Seattle Police Department,$60.51
Seattle Police Department,$60.51
Seattle Police Department,$60.51
Information Technology,$60.32
Information Technology,$60.22
Mayor's Office,$60.09
Mayor's Office,$60.
Information Technology,$59.91
Law Department,$59.74
Law Department,$59.74
Information Technology,$59.64
Information Technology,$59.64
Information Technology,$59.64
Information Technology,$59.64
Information Technology,$59.64
Information Technology,$59.64
Information Technology,$59.64
Civil Service Commissions,$59.61
Information Technology,$59.52
Seattle Police Department,$59.49
Seattle Police Department,$59.25
Seattle Police Department,$59.25
Seattle Police Department,$59.25
Seattle Police Department,$59.25
Law Department,$59.13
Mayor's Office,$59.06
Seattle Police Department,$58.62
Information Technology,$58.51
Information Technology,$58.51
Information Technology,$58.51
Information Technology,$58.51
Information Technology,$58.51
Law Department,$58.51
Information Technology,$58.51
Information Technology,$58.51
Information Technology,$58.51
Information Technology,$58.51
Information Technology,$58.51
Information Technology,$58.51
Information Technology,$58.51
Information Technology,$58.51
Information Technology,$58.51
Information Technology,$58.51
Human Resources,$58.51
Seattle Police Department,$58.33
Seattle Police Department,$58.33
Seattle Police Department,$58.33
Seattle Police Department,$58.33
Seattle Police Department,$58.33
Seattle Police Department,$58.21
Information Technology,$58.04
Seattle Police Department,$57.51
Seattle Police Department,$57.31
Seattle Police Department,$57.31
Seattle Police Department,$57.31
Seattle Police Department,$57.31
Civil Service Commissions,$57.31
Community Police Commission,$57.31
Information Technology,$56.74
Seattle Police Department,$56.41
Seattle Police Department,$56.41
Seattle Police Department,$56.41
Seattle Police Department,$56.41
Seattle Police Department,$56.41
Seattle Police Department,$56.41
Seattle Police Department,$56.41
Seattle Police Department,$56.41
Seattle Police Department,$56.41
Seattle Police Department,$56.41
Seattle Police Department,$56.41
Seattle Police Department,$56.41
Seattle Police Department,$56.41
Seattle Police Department,$56.41
Seattle Police Department,$56.41
Seattle Police Department,$56.41
Seattle Police Department,$56.41
Seattle Police Department,$56.41
Seattle Police Department,$56.41
Seattle Police Department,$56.41
Seattle Police Department,$56.41
Seattle Police Department,$56.41
Seattle Police Department,$56.41
Seattle Police Department,$56.41
Seattle Police Department,$56.41
Seattle Police Department,$56.41
Seattle Police Department,$56.41
Seattle Police Department,$56.41
Seattle Police Department,$56.41
Seattle Police Department,$56.41
Seattle Police Department,$56.41
Seattle Police Department,$56.41
Seattle Police Department,$56.41
Seattle Police Department,$56.41
Seattle Police Department,$56.41
Seattle Police Department,$56.41
Seattle Police Department,$56.41
Seattle Police Department,$56.41
Seattle Police Department,$56.41
Seattle Police Department,$56.41
Seattle Police Department,$56.41
Seattle Police Department,$56.41
Seattle Police Department,$56.41
Seattle Police Department,$56.41
Seattle Police Department,$56.41
Seattle Police Department,$56.41
Seattle Police Department,$56.41
Seattle Police Department,$56.41
Seattle Police Department,$56.41
Seattle Police Department,$56.41
Seattle Police Department,$56.41
Seattle Police Department,$56.41
Seattle Police Department,$56.41
Seattle Police Department,$56.41
Seattle Police Department,$56.41
Seattle Police Department,$56.41
Seattle Police Department,$56.41
Seattle Police Department,$56.41
Seattle Police Department,$56.41
Seattle Police Department,$56.41
Seattle Police Department,$56.41
Seattle Police Department,$56.41
Seattle Police Department,$56.41
Seattle Police Department,$56.41
Seattle Police Department,$56.41
Seattle Police Department,$56.41
Seattle Police Department,$56.41
Seattle Police Department,$56.41
Seattle Police Department,$56.41
Seattle Police Department,$56.41
Seattle Police Department,$56.41
Seattle Police Department,$56.41
Seattle Police Department,$56.41
Seattle Police Department,$56.41
Seattle Police Department,$56.41
Seattle Police Department,$56.41
Law Department,$56.36
Law Department,$56.36
Law Department,$56.36
Information Technology,$56.23
Information Technology,$56.23
Information Technology,$56.23
Human Resources,$56.23
Information Technology,$55.96
Human Resources,$55.96
Employees Retirement System,$55.96
Seattle Police Department,$55.96
Seattle Police Department,$55.77
Seattle Police Department,$55.77
Seattle Police Department,$55.61
Seattle Police Department,$55.61
Seattle Police Department,$55.61
Seattle Police Department,$55.61
Seattle Police Department,$55.61
Information Technology,$55.49
Human Resources,$55.19
Intergovernmental Relations,$55.19
Seattle Police Department,$55.19
Seattle Police Department,$55.19
Seattle Police Department,$55.19
Seattle Police Department,$55.19
Seattle Police Department,$55.19
Seattle Police Department,$55.19
Seattle Police Department,$55.19
Seattle Police Department,$55.19
Seattle Police Department,$55.19
Seattle Police Department,$55.19
Seattle Police Department,$55.19
Seattle Police Department,$55.19
Information Technology,$55.19
Information Technology,$55.19
Information Technology,$55.19
Human Resources,$55.19
Seattle Police Department,$55.19
Seattle Police Department,$55.19
Seattle Police Department,$55.19
Seattle Police Department,$55.19
Seattle Police Department,$55.19
Human Resources,$55.19
Human Resources,$55.19
Human Resources,$55.19
Human Resources,$55.19
Human Resources,$55.19
Human Resources,$55.19
Human Resources,$55.19
Information Technology,$55.19
Seattle Police Department,$55.19
Information Technology,$55.19
Information Technology,$55.19
Seattle Police Department,$55.19
Information Technology,$55.19
Civil Service Commissions,$55.19
Information Technology,$55.19
Information Technology,$55.19
Information Technology,$55.19
Information Technology,$55.19
Information Technology,$55.19
Information Technology,$55.19
Seattle Police Department,$55.19
Seattle Police Department,$55.19
Seattle Police Department,$55.19
Seattle Police Department,$55.19
Seattle Police Department,$55.19
Seattle Police Department,$55.19
Seattle Police Department,$55.19
Seattle Police Department,$55.19
Seattle Police Department,$55.19
Seattle Police Department,$55.19
Seattle Police Department,$55.19
Human Resources,$55.19
Human Resources,$55.19
Seattle Police Department,$55.16
Seattle Police Department,$55.16
Seattle Police Department,$55.16
Seattle Police Department,$55.16
Seattle Police Department,$55.16
Seattle Police Department,$55.16
Seattle Police Department,$55.16
Employees Retirement System,$54.69
Employees Retirement System,$54.69
Employees Retirement System,$54.69
Seattle Police Department,$53.88
Seattle Police Department,$53.88
Seattle Police Department,$53.87
Seattle Police Department,$53.87
Seattle Police Department,$53.87
Seattle Police Department,$53.87
Seattle Police Department,$53.87
Seattle Police Department,$53.87
Seattle Police Department,$53.87
Seattle Police Department,$53.87
Seattle Police Department,$53.87
Seattle Police Department,$53.87
Seattle Police Department,$53.87
Seattle Police Department,$53.87
Seattle Police Department,$53.87
Seattle Police Department,$53.76
Law Department,$53.18
Law Department,$53.18
Law Department,$53.18
Law Department,$53.18
Law Department,$53.18
Law Department,$53.18
Seattle Police Department,$53.18
Seattle Police Department,$53.18
Seattle Police Department,$53.14
Law Department,$53.14
Information Technology,$53.14
Information Technology,$53.14
Human Resources,$53.14
Information Technology,$53.14
Law Department,$53.14
Seattle Police Department,$53.14
Human Resources,$53.14
Employees Retirement System,$52.67
Seattle Police Department,$52.27
Seattle Police Department,$52.27
Seattle Police Department,$52.27
Seattle Police Department,$52.27
Seattle Police Department,$52.27
Seattle Police Department,$52.27
Seattle Police Department,$52.18
Seattle Police Department,$52.1
Law Department,$51.92
Seattle Police Department,$51.84
Seattle Police Department,$51.84
Seattle Police Department,$51.84
Seattle Police Department,$51.84
Seattle Police Department,$51.84
Seattle Police Department,$51.84
Seattle Police Department,$51.84
Seattle Police Department,$51.84
Seattle Police Department,$51.84
Seattle Police Department,$51.84
Seattle Police Department,$51.84
Seattle Police Department,$51.84
Seattle Police Department,$51.76
Seattle Police Department,$51.76
Seattle Police Department,$51.76
Law Department,$51.46
Employees Retirement System,$51.46
Information Technology,$51.46
Seattle Police Department,$51.46
Seattle Police Department,$51.24
Seattle Police Department,$51.24
Law Department,$51.24
Law Department,$51.24
Human Resources,$51.24
Employees Retirement System,$51.24
Human Resources,$51.24
Seattle Police Department,$51.24
Seattle Police Department,$51.24
Seattle Police Department,$51.24
Law Department,$51.24
Seattle Police Department,$51.24
Community Police Commission,$51.24
Civil Service Commissions,$51.24
Human Resources,$51.24
Law Department,$50.15
Law Department,$50.15
Law Department,$50.15
Information Technology,$50.08
Information Technology,$50.08
Information Technology,$49.98
Seattle Police Department,$49.87
Seattle Police Department,$49.87
Seattle Police Department,$49.85
Seattle Police Department,$49.85
Seattle Police Department,$49.85
Seattle Police Department,$49.85
Employees Retirement System,$49.74
Employees Retirement System,$49.74
Seattle Police Department,$49.7
Seattle Police Department,$49.7
Seattle Police Department,$49.7
Seattle Police Department,$49.7
Seattle Police Department,$49.7
Employees Retirement System,$49.51
Seattle Police Department,$49.49
Seattle Police Department,$49.25
Seattle Police Department,$49.25
Seattle Police Department,$49.25
Seattle Police Department,$49.25
Seattle Police Department,$49.25
Seattle Police Department,$49.25
Seattle Police Department,$49.25
Law Department,$49.25
Law Department,$49.25
Law Department,$49.25
Law Department,$49.25
Law Department,$49.25
Law Department,$49.25
Law Department,$49.25
Law Department,$49.25
Law Department,$49.25
Law Department,$49.25
Law Department,$49.25
Law Department,$49.25
Human Resources,$49.25
Law Department,$49.25
Seattle Police Department,$48.46
Law Department,$48.31
Seattle Police Department,$48.31
Seattle Police Department,$48.31
Seattle Police Department,$48.31
Seattle Police Department,$48.31
Seattle Police Department,$48.31
Seattle Police Department,$48.31
Seattle Police Department,$48.31
Seattle Police Department,$48.31
Seattle Police Department,$48.31
City Budget Office,$48.31
Seattle Police Department,$48.31
Seattle Police Department,$48.31
Seattle Police Department,$48.31
Information Technology,$48.31
Seattle Police Department,$48.31
Seattle Police Department,$48.31
Seattle Police Department,$48.31
Seattle Police Department,$48.31
Seattle Police Department,$48.28
Seattle Police Department,$47.96
Seattle Police Department,$47.96
Law Department,$47.77
Law Department,$47.77
Law Department,$47.77
Law Department,$47.77
Law Department,$47.77
Law Department,$47.77
Law Department,$47.77
Human Resources,$47.39
Seattle Police Department,$47.39
Law Department,$47.39
Law Department,$47.39
Law Department,$47.39
Seattle Police Department,$47.39
Seattle Police Department,$47.39
Seattle Police Department,$47.09
Seattle Police Department,$47.09
Seattle Police Department,$47.09
Seattle Police Department,$47.09
Seattle Police Department,$47.07
Seattle Police Department,$47.07
Seattle Police Department,$46.91
Seattle Police Department,$46.91
Seattle Police Department,$46.91
Seattle Police Department,$46.91
Seattle Police Department,$46.91
Seattle Police Department,$46.91
Seattle Police Department,$46.91
Seattle Police Department,$46.91
Seattle Police Department,$46.91
Seattle Police Department,$46.43
Seattle Police Department,$46.43
Employees Retirement System,$46.26
Seattle Police Department,$46.16
Seattle Police Department,$46.07
Law Department,$46.02
Law Department,$46.02
Employees Retirement System,$45.93
Human Resources,$45.93
Seattle Police Department,$45.68
Law Department,$45.59
Law Department,$45.59
Law Department,$45.59
Law Department,$45.59
Law Department,$45.59
Seattle Police Department,$45.29
Mayor's Office,$45.
Seattle Police Department,$44.73
Seattle Police Department,$44.73
Seattle Police Department,$44.73
Seattle Police Department,$44.73
Seattle Police Department,$44.73
Seattle Police Department,$44.51
Seattle Police Department,$44.51
Seattle Police Department,$44.51
Seattle Police Department,$44.51
Seattle Police Department,$44.51
Seattle Police Department,$44.51
Seattle Police Department,$44.51
Seattle Police Department,$44.51
Seattle Police Department,$44.51
Law Department,$44.35
Law Department,$43.86
Law Department,$43.86
Law Department,$43.86
Law Department,$43.86
Seattle Police Department,$43.86
Human Resources,$43.86
Seattle Police Department,$43.69
Seattle Police Department,$43.69
Seattle Police Department,$43.69
Seattle Police Department,$43.69
Seattle Police Department,$43.69
Seattle Police Department,$43.69
Seattle Police Department,$43.12
Seattle Police Department,$43.12
Seattle Police Department,$43.12
Seattle Police Department,$43.12
Information Technology,$43.09
Information Technology,$43.09
Seattle Police Department,$43.09
Seattle Police Department,$43.09
Seattle Police Department,$43.09
Seattle Police Department,$42.85
Law Department,$42.26
Law Department,$42.26
Law Department,$42.25
Law Department,$42.25
Seattle Police Department,$42.06
Seattle Police Department,$42.06
Seattle Police Department,$42.06
Seattle Police Department,$42.06
Seattle Police Department,$41.31
Seattle Police Department,$41.31
Seattle Police Department,$41.31
Seattle Police Department,$41.31
Seattle Police Department,$41.31
Seattle Police Department,$41.31
Seattle Police Department,$41.31
Seattle Police Department,$41.31
Seattle Police Department,$41.31
Seattle Police Department,$41.31
Seattle Police Department,$41.31
Seattle Police Department,$41.31
Seattle Police Department,$41.31
Seattle Police Department,$41.31
Seattle Police Department,$41.31
Seattle Police Department,$41.31
Seattle Police Department,$41.31
Seattle Police Department,$41.31
Seattle Police Department,$41.31
Seattle Police Department,$41.31
Seattle Police Department,$41.31
Seattle Police Department,$40.76
Seattle Police Department,$40.46
Human Resources,$39.94
Seattle Police Department,$39.82
Law Department,$39.65
Seattle Police Department,$39.65
Seattle Police Department,$39.65
Seattle Police Department,$39.65
Seattle Police Department,$39.65
Seattle Police Department,$39.65
Seattle Police Department,$39.65
Seattle Police Department,$39.65
Seattle Police Department,$39.53
Seattle Police Department,$39.53
Seattle Police Department,$39.53
Seattle Police Department,$39.53
Seattle Police Department,$39.53
Seattle Police Department,$39.53
Seattle Police Department,$39.53
Seattle Police Department,$39.53
Seattle Police Department,$39.53
Seattle Police Department,$39.53
Seattle Police Department,$39.53
Seattle Police Department,$39.53
Seattle Police Department,$39.53
Seattle Police Department,$39.53
Seattle Police Department,$39.53
Seattle Police Department,$39.53
Seattle Police Department,$39.53
Seattle Police Department,$39.53
Seattle Police Department,$39.53
Seattle Police Department,$39.53
Seattle Police Department,$39.53
Seattle Police Department,$39.53
Seattle Police Department,$39.53
Seattle Police Department,$39.53
Seattle Police Department,$39.53
Seattle Police Department,$39.53
Seattle Police Department,$39.53
Seattle Police Department,$39.53
Seattle Police Department,$39.53
Seattle Police Department,$39.53
Seattle Police Department,$39.53
Seattle Police Department,$39.53
Seattle Police Department,$39.53
Seattle Police Department,$39.53
Seattle Police Department,$39.53
Seattle Police Department,$39.53
Seattle Police Department,$39.53
Seattle Police Department,$39.53
Seattle Police Department,$39.53
Seattle Police Department,$39.53
Seattle Police Department,$39.53
Seattle Police Department,$39.53
Seattle Police Department,$39.53
Seattle Police Department,$39.53
Seattle Police Department,$39.53
Seattle Police Department,$39.53
Seattle Police Department,$39.53
Seattle Police Department,$39.53
Seattle Police Department,$39.53
Seattle Police Department,$39.53
Seattle Police Department,$39.53
Seattle Police Department,$39.53
Seattle Police Department,$39.53
Seattle Police Department,$39.53
Seattle Police Department,$39.53
Seattle Police Department,$39.53
Seattle Police Department,$39.53
Seattle Police Department,$39.53
Seattle Police Department,$39.53
Seattle Police Department,$39.53
Seattle Police Department,$39.53
Seattle Police Department,$39.53
Seattle Police Department,$39.53
Seattle Police Department,$39.53
Seattle Police Department,$39.53
Seattle Police Department,$39.53
Seattle Police Department,$39.53
Seattle Police Department,$39.53
Seattle Police Department,$39.53
Seattle Police Department,$39.53
Seattle Police Department,$39.53
Seattle Police Department,$39.53
Seattle Police Department,$39.53
Seattle Police Department,$39.53
Seattle Police Department,$39.53
Seattle Police Department,$39.53
Seattle Police Department,$39.53
Seattle Police Department,$39.53
Seattle Police Department,$39.53
Seattle Police Department,$39.19
Seattle Police Department,$39.19
Law Department,$39.18
Seattle Police Department,$39.18
Seattle Police Department,$39.18
Seattle Police Department,$39.18
Information Technology,$39.18
Law Department,$39.18
Law Department,$39.18
Law Department,$39.18
Law Department,$39.18
Law Department,$39.18
Law Department,$39.18
Law Department,$39.18
Law Department,$39.18
Hearing Examiner,$39.18
Law Department,$39.18
Law Department,$39.18
Law Department,$39.18
Law Department,$39.18
Law Department,$39.18
Information Technology,$39.18
Law Department,$38.25
Seattle Police Department,$38.25
Human Resources,$38.25
Hearing Examiner,$38.25
Seattle Police Department,$38.25
Seattle Police Department,$38.25
Seattle Police Department,$37.95
Seattle Police Department,$37.95
Law Department,$37.67
Human Resources,$37.67
Seattle Police Department,$37.61
Employees Retirement System,$37.47
Seattle Police Department,$37.18
Seattle Police Department,$37.18
Seattle Police Department,$37.18
Seattle Police Department,$37.18
Seattle Police Department,$37.18
Seattle Police Department,$37.18
Seattle Police Department,$37.18
Seattle Police Department,$37.18
Seattle Police Department,$37.18
Seattle Police Department,$37.18
Seattle Police Department,$37.18
Seattle Police Department,$37.18
Seattle Police Department,$37.18
Seattle Police Department,$37.18
Seattle Police Department,$37.18
Seattle Police Department,$37.18
Seattle Police Department,$37.18
Seattle Police Department,$37.18
Seattle Police Department,$37.18
Seattle Police Department,$37.18
Seattle Police Department,$37.18
Seattle Police Department,$37.18
Seattle Police Department,$37.18
Seattle Police Department,$37.18
Seattle Police Department,$37.18
Seattle Police Department,$37.18
Seattle Police Department,$37.18
Seattle Police Department,$37.18
Seattle Police Department,$37.18
Seattle Police Department,$37.18
Seattle Police Department,$37.18
Seattle Police Department,$37.18
Seattle Police Department,$37.18
Seattle Police Department,$37.18
Seattle Police Department,$37.18
Seattle Police Department,$37.18
Seattle Police Department,$37.18
Seattle Police Department,$37.18
Seattle Police Department,$37.18
Seattle Police Department,$37.18
Seattle Police Department,$37.18
Seattle Police Department,$37.18
Seattle Police Department,$37.18
Seattle Police Department,$37.18
Seattle Police Department,$37.18
Seattle Police Department,$37.18
Seattle Police Department,$37.18
Seattle Police Department,$37.18
Seattle Police Department,$37.18
Seattle Police Department,$37.18
Seattle Police Department,$37.18
Seattle Police Department,$37.18
Seattle Police Department,$37.18
Seattle Police Department,$37.18
Seattle Police Department,$36.89
Emergency Management Office,$36.89
Seattle Police Department,$36.38
Seattle Police Department,$36.28
Employees Retirement System,$36.05
Seattle Police Department,$35.86
Seattle Police Department,$35.86
Seattle Police Department,$35.86
Seattle Police Department,$35.86
Seattle Police Department,$35.86
Seattle Police Department,$35.86
Seattle Police Department,$35.86
Seattle Police Department,$35.86
Seattle Police Department,$35.86
Seattle Police Department,$35.74
Seattle Police Department,$35.74
Seattle Police Department,$35.74
Seattle Police Department,$35.74
Seattle Police Department,$35.57
Seattle Police Department,$35.57
Law Department,$34.92
Seattle Police Department,$34.92
Seattle Police Department,$34.81
Seattle Police Department,$34.81
Seattle Police Department,$34.81
Seattle Police Department,$34.81
Seattle Police Department,$34.81
Seattle Police Department,$34.81
Seattle Police Department,$34.81
Seattle Police Department,$34.81
Seattle Police Department,$34.81
Seattle Police Department,$34.81
Seattle Police Department,$34.81
Seattle Police Department,$34.61
Seattle Police Department,$33.59
Seattle Police Department,$33.59
Seattle Police Department,$33.59
Seattle Police Department,$33.59
Seattle Police Department,$33.59
Seattle Police Department,$33.59
Seattle Police Department,$33.59
Employees Retirement System,$33.47
Seattle Police Department,$32.53
Seattle Police Department,$32.53
Seattle Police Department,$32.53
Law Department,$32.47
Law Department,$32.47
Law Department,$32.47
Law Department,$32.47
Human Resources,$29.53
Employees Retirement System,$27.67
Seattle Police Department,$27.67
Human Resources,$24.55
Law Department,$22.56
Information Technology,$22.56
Law Department,$22.56
Information Technology,$22.48
Human Resources,$22.48
Seattle Police Department,$22.48
Human Resources,$22.48
Mayor's Office,$22.48
Information Technology,$22.48
Human Resources,$22.48
Seattle Police Department,$22.48